GSK3B,13.14635,-0.2032669,7.261603,21.60143,8.480945,10.26587,10.5407,5.350676,-0.4296674,-5.268469,13.96053,4.595081,3.053837,3.452677,-13.05928,-4.540586,7.671472,5.562729,13.31408,1.32639,-6.366216,-3.432245,4.194977,-7.005416,5.689254,456.1761,3.739083,9.169191,175.5066,7.856086
RBL1,-6.031568,-7.716429,-0.2276776,1.008865,-8.082298,-2.884537,-5.397459,-3.518488,-4.648715,-3.006845,0.2496076,5.561372,-7.857911,-9.568328,7.259436,-10.62946,0.3391625,3.521651,3.738248,-1.499083,-6.354883,4.12644,-6.207503,-2.899095,35.50757,122.5554,43.9646,15.84121,201.6205,29.81175
RBL1,9.235601,-5.568414,4.662753,6.62361,7.354596,9.026456,0.9274781,-2.665189,5.502316,-3.823334,6.097323,-5.439594,-4.569362,-1.639668,-1.647661,1.649739,12.7425,14.12974,9.046441,-0.2594747,2.210586,3.732445,0.6965241,-3.28769,844.2604,116.9083,5.477329,19.16113,-1.585811,-1.6964
E2F4,1.763235,-4.206924,-3.151231,-12.07614,2.569247,-5.955637,-1.9134,-0.5345848,3.597896,-9.834013,-14.5745,-9.117731,-13.84264,-3.115456,-11.94212,2.076406,-0.3963539,-7.699404,1369.039,1337.716,1500.135,609.2734,519.0768,463.1647,1.95863,-4.630845,-4.573483,-4.095134,-2.691828,-4.014503
TFDP1,-1.438596,-6.723624,-20.20612,6.244887,-11.59932,-13.81929,-11.7952,-4.622227,-5.576775,-4.480544,1.947184,2.5469,-11.60655,-11.37956,-10.12336,13.63084,-9.223575,-9.124239,-8.6637,-4.886854,2.438087,-5.592233,-8.410508,-4.862745,-5.843773,-1.994275,-8.226923,9.873635,-4.271598,2.006566
TFDP1,-1.320487,13.3573,6.356215,-8.809702,-4.068186,12.35152,-3.2169,-0.09755067,-3.362384,0.3085465,10.9529,-2.353623,4.217467,-2.460299,-3.022519,-6.932556,-5.573829,-7.520786,-1.834813,8.110333,-6.584849,-3.372063,-4.529562,-4.186899,47.63558,275.9416,46.08623,4.529267,-13.48697,-0.2198916
TGFBI,7.449765,3.50298,-0.3193715,-0.6399363,-9.829503,-0.3243362,-2.920812,-0.155839,2.00405,23.92784,4.140902,0.1486153,7.037492,17.35316,4.205704,-10.89689,1.327098,4.215933,-5.140948,14.16589,-4.610642,1.198914,-2.114992,2.781148,505.0741,170.5696,23.71591,288.6562,48.11914,33.91203
SMAD2,99.01065,117.5136,129.1532,157.5199,115.1755,103.9409,506.3486,406.2814,477.4951,342.743,320.421,284.6863,312.0979,316.5671,304.0167,259.6498,273.0967,251.1061,178.0786,126.7515,159.2513,158.3715,136.2935,129.914,53.06197,0.9819056,2.664068,3.200873,11.06878,1.560586
SMAD2,5.064875,18.03873,8.494018,9.209648,5.727362,-6.581454,11.08782,-0.2389406,1.499364,6.331182,9.036253,3.778641,4.997761,29.15069,19.76021,10.77354,35.43158,-2.734658,6.426336,22.24067,15.72065,15.07206,9.393817,-0.5778043,-2.672048,44.03227,61.57501,985.1362,144.8051,73.69135
SMAD2,1251.811,1266.594,1258.409,1832.446,2115.258,1840.633,2840.495,1945.242,2199.751,2505.927,2789.434,2595.811,816.0618,905.2874,801.7563,953.1318,974.9626,898.3201,624.7313,725.5912,751.5425,573.494,650.1072,686.5336,-1.260122,-4.563424,-12.93333,-0.9883422,0.2789902,10.22612
SMAD3,-1.405329,28.32295,6.718149,7.265889,-4.482611,-0.3293818,0.3343977,3.283659,-0.7273,6.770826,-9.405278,-13.16282,-7.023333,1.325619,2.641138,-5.892313,0.9966838,-8.718814,-4.96201,-16.7737,0.07439554,0.1270612,-0.6115603,-6.837567,11.55039,-0.6448522,3.514359,3.154514,30.52743,6.909569
SMAD4,692.9021,718.4733,686.3106,633.3156,804.1243,599.2926,1827.728,1994.195,1842.58,2235.215,2640.21,2615.035,143.6499,140.7531,132.0949,520.4872,520.4872,554.1207,674.8154,734.2867,740.7761,2034.692,2142.246,2003.99,-10.49488,-17.17167,-1.033254,-11.40822,-3.569966,-11.76169
c-MYC,561.4354,432.0513,424.7052,955.6158,704.6678,813.0524,374.5551,592.7723,564.1306,244.0813,339.0307,313.2183,703.5837,706.8165,644.566,490.1429,680.4156,396.4573,246.3093,721.5304,323.9396,995.1,805.7315,510.2147,-3.841395,-12.65572,-4.620065,23.70419,-11.22751,9.41998
c-MYC,2.764128,-5.664406,1.358181,10.66242,-0.3180659,17.37853,-4.268427,-4.183757,12.79209,4.163021,-0.02757285,-0.3002527,6.907457,-3.02948,-2.665189,15.54796,27.7272,8.19901,2.383542,7.308696,-9.930069,-12.57415,0.7806743,7.460607,300.5684,253.6205,24.37159,26.62919,-1.123485,15.23575
ZBTB17,4.481309,19.18332,13.60741,15.63888,7.135355,3.637839,40.96899,22.00598,17.06553,26.35825,0.8789528,29.14549,27.9147,14.61617,17.5009,13.81313,17.01553,11.4506,21.47121,20.86093,24.51011,13.76972,12.50355,18.63202,6.419841,1.510813,3.411251,315.5309,36.05412,17.72264
KITLG,3.667814,-3.395605,2.952027,8.369961,7.647008,0.9316056,1.711588,-9.122456,4.783362,-9.441163,6.567907,6.117896,-6.168378,-12.07933,3.055243,-9.299847,-9.275589,-3.984955,-2.308815,-5.163479,-3.530629,2.301582,-6.034587,-0.9839935,-12.78859,0.5646195,11.26409,-0.5771626,10.68591,103.544
KITLG,-7.255662,-0.4874285,-2.863492,-10.0933,-5.237522,-1.673165,-5.805027,-7.44651,-10.46497,-5.059615,-8.958565,-0.8021919,-6.05691,3.111335,-15.65176,1.510813,-5.229992,-1.120005,1.731685,-3.24345,11.2174,10.42999,1.212455,-0.8812904,-3.63934,-1.531493,-0.534084,-10.69523,5.055204,-3.281555
KITLG,-6.585623,-13.18988,-10.32734,5.471283,-7.044135,-12.58529,-6.545006,-13.66842,-6.947927,-12.57415,-11.37365,-6.665255,-7.982142,-17.5596,-12.22482,-4.997102,-3.190704,-18.75222,-9.528926,-6.963495,-10.88497,-4.161438,-7.729349,-6.816308,-11.24498,-4.278091,-5.936395,-6.15934,-3.433382,-5.942361
SKP2,-8.942024,-10.31359,-9.48746,-5.431102,-1.608272,-16.29173,-8.954258,-6.097132,-10.68043,-3.645525,-4.396524,-2.670834,-2.227986,-9.670217,3.319765,-5.910251,3.691087,10.54376,-10.23748,-5.572741,-1.271351,-7.136893,-8.791431,-3.22801,625.7556,515.4218,559.2071,438.0036,519.5313,601.8066
CDKN2A,35.33902,22.89315,28.58713,31.3415,28.84036,49.63036,32.92851,57.61275,68.42728,63.30516,1.519146,24.51696,24.55349,32.97694,31.99516,32.18008,17.36467,14.82626,24.87221,22.40628,23.88708,31.27522,22.83299,36.37662,22.70722,-0.7965906,9.251722,109.2638,40.41195,13.18519
CDKN2A,5.625208,17.97561,0.516432,5.544469,7.018008,34.53305,0.07652286,-0.7740493,-4.366136,29.62818,-3.107269,0.2922196,-9.871952,2.448358,3.001957,-3.315981,2.509997,-9.653113,53.1623,66.23019,40.36502,35.88041,37.67604,33.99657,2.192282,19.91268,27.88349,7.68321,11.89176,93.2638
CDKN2A,19.04055,11.60764,-3.492405,-5.332313,3.080325,5.511609,37.19129,9.915894,16.69205,0.6217438,29.51776,9.552566,11.67146,1.76826,12.47891,5.836939,5.672362,21.35796,11.51574,3.178,6.040048,23.72605,6.097323,14.88237,12.27019,17.12979,12.77699,367.591,14.20693,39.5088
CDKN2B,194.2088,226.6163,266.8716,215.8907,212.626,226.3561,228.6077,306.1325,175.7187,339.0307,190.2402,289.8823,228.8087,171.4273,174.7372,229.2719,218.6265,199.0901,261.4308,279.1205,256.878,198.3747,198.3747,197.9692,4.515965,44.62884,-2.114259,9.852143,22.39923,69.41788
CDKN2B,-7.560654,-7.102749,-7.401478,-6.7606,-8.499712,-6.55055,1.06662,-11.29845,-13.44254,-3.04114,-4.74461,-6.378643,1.824474,-1.036792,-15.20196,-11.59098,1.096878,-1.83722,0.3182506,3.842957,-7.797694,-6.717078,-7.673518,-1.357613,0.2357529,-1.371785,-2.557392,1.238337,-4.548324,20.972
CDKN2B,-1.831946,10.59121,-0.1088249,10.86014,20.29905,-1.059435,-2.045715,22.66663,-4.546587,0.1036543,0.4453209,-3.952922,27.36372,41.05554,8.032093,35.33902,28.22788,24.53887,56.72832,47.20453,45.06981,123.1168,104.6409,172.6173,19.37036,-2.328537,12.04653,131.5361,-4.047748,-2.051259
CDKN2C,-7.45966,6.652622,-6.138641,-9.422958,4.138675,-2.845646,-9.172916,-1.566034,-2.843382,-5.071431,-15.49966,-5.214518,-4.749177,0.4453209,10.78791,-2.922509,11.02633,-5.33519,-4.170292,4.715291,-11.52725,-5.69526,-9.670217,-6.674992,-3.934819,-3.762994,-5.928165,-10.12175,-10.03714,-10.8179
CDKN2C,204.6482,191.3447,253.968,267.5551,303.5395,218.865,328.5591,355.0919,439.9401,462.1355,411.1956,454.6858,448.2841,267.4914,382.2877,326.0426,368.7389,445.4192,359.3534,319.2508,357.0403,193.326,254.6597,173.9926,216.0814,115.6121,0.5562249,41.03496,15.9888,77.06754
CDKN2C,9.438222,2.28818,22.07042,8.662491,1.977277,5.673079,6.996052,19.64053,6.265329,1.163336,6.331182,-11.78264,8.182447,21.51644,20.71788,-7.114424,4.720956,2.756596,-0.2322746,0.7819873,-3.957846,-2.07318,-2.425759,-6.366216,127.2686,28.10269,142.7774,9.832296,9.878688,1.809055
CDKN2D,4.100762,-0.3929155,6.118805,-3.934323,-6.259765,6.366225,1.877764,-4.594261,2.710543,-12.22482,1.317641,4.426217,-4.620897,-1.9954,5.860061,-8.168918,-4.577127,0.3044304,-3.876886,-2.948178,-6.270255,-1.681467,-7.212591,2.974797,27.37587,-3.819859,119.4948,10.80636,3.518388,6.291451
CDKN2D,-10.52449,-4.942592,-13.05329,-0.7199788,-5.919965,-7.506385,-4.814504,-7.353806,-3.830302,-7.145124,-9.130436,-8.51305,-0.5416684,-8.296752,0.913085,2.534125,0.06299544,-4.235518,-6.809011,-14.58,-1.955516,-10.19378,-2.157048,-12.41405,1.197342,2.5164,1.543605,1.381647,4.162215,16.22025
CDKN1B,47.28989,67.75018,60.04832,3.579971,10.41169,-4.968329,-5.567508,4.915264,-0.7841433,-3.589894,1.255941,-6.106663,154.4596,153.6462,145.5046,105.0374,112.6122,102.9889,-8.578688,0.2586571,-4.247425,-7.465384,-5.283599,-5.449509,-5.928165,-12.77644,-4.490741,6.375906,2.771747,1.031419
CDKN1B,125.5629,106.166,139.427,92.3326,91.09897,119.0112,136.3667,120.3259,127.5532,130.2579,174.3653,143.0972,92.46402,87.98922,92.93699,76.94868,69.32732,55.89874,38.08715,28.35079,35.02304,75.92736,65.06966,67.99532,6.117088,6.421734,19.54937,15.30532,538.8474,-7.968489
CDKN1C,20.31092,7.456313,22.20846,42.1073,40.12841,40.73269,26.2937,11.01326,8.587804,13.64065,13.08796,5.212772,35.41611,61.09927,56.89037,57.31927,62.84526,41.00819,16.16121,12.81004,25.80114,16.28643,17.94293,14.99198,12.36088,8.092519,1043.054,29.29167,-3.05247,165.3157
CDKN1A,4.687826,4.955048,2.373144,-1.099264,-1.674482,4.45217,-0.03442582,-3.213688,6.481352,-1.116355,3.84215,1.03656,13.19922,2.022485,-14.44165,3.421357,1.544366,5.456315,10.19949,-3.177452,7.065828,-6.767451,-5.772357,-1.40988,-0.03772808,8.952641,2.612294,29.12841,450.0896,4.244633
CDKN1A,-4.106395,-3.920125,-10.95521,-2.980378,-3.386737,1.371282,-1.499707,2.981569,2.270622,-7.235314,2.952645,-7.415185,-3.801776,-5.873081,-1.514713,-9.026614,0.1662692,1.151053,6.286727,-5.044356,5.077673,-5.965078,-11.52096,-0.9345365,25.96284,-0.8740504,172.1021,2.258664,8.110333,-4.671451
CDK4,4237.089,3244.513,2875.822,6042.854,5400.914,6708.286,6983.657,5575.126,7271.798,5736.73,8994.548,7779.177,963.8318,1086.702,967.8615,1802.961,1786.108,1846.584,6766.304,7012.324,8123.206,7542.113,5675.181,8123.206,14568.96,14674.38,13579.56,15210.17,14174.18,14524.63
CDK6,4867.788,5380.397,4012.425,4387.238,4821.103,5026.799,2981.088,2942.866,3011.504,2866.37,3330.71,3302.633,2019.421,2095.864,1839.244,2370.73,2381.456,2532.635,1330.204,1227.653,1119.38,1406.651,1223.516,1387.376,987.1575,572.9659,929.6837,311.4621,24.22454,1672.786
CDK2,6.234179,15.65328,7.511411,15.24725,11.28934,4.359044,16.34806,16.98962,15.32835,32.20053,9.108109,6.515615,-0.6952313,7.434568,4.490001,-6.952295,-0.5614868,-4.899933,-0.04498389,4.370974,8.230138,3.661774,-4.13984,-2.729233,16.09957,11.7998,436.0822,20.50206,58.90634,8.103459
CDK2,-4.64455,-12.77051,-6.071506,-7.708468,-2.315354,-4.069278,-15.27277,10.49077,-9.882345,-10.46638,1.783336,-10.98854,0.470236,-5.456165,-8.173244,-8.009708,-7.152028,0.9916237,-13.32519,-0.03772808,-6.864616,-5.721375,-1.619462,-8.970492,-4.554785,4.838572,-1.008507,-0.4386507,-2.221391,-13.05169
CDK7,-3.64869,18.5829,23.95389,5.283476,-2.298099,-0.9240587,-2.621794,1.322094,-0.5467392,11.89805,-9.345391,-4.944617,-7.515693,-9.565919,-10.62086,-16.90364,-5.156116,8.672135,-7.347978,-4.203053,1.818389,-3.583154,7.824567,-14.80245,40.77352,-1.070822,3.443255,-1.588712,5.399853,-6.679286
SKP2,39.90114,31.87824,22.78766,12.78227,18.94785,25.82033,15.81237,15.41781,9.645941,25.78806,12.77699,19.73211,43.62625,27.07025,23.42529,24.74736,19.08382,28.53329,52.42258,29.38481,36.07312,24.68365,63.97284,37.53444,-2.073808,-4.170292,2.892469,18.39209,-0.6744186,-10.92929
SKP2,-2.831045,2.017216,-5.284196,3.119204,-0.7264813,3.661085,-4.255286,3.2083,-3.471394,-3.229484,4.392121,-0.9569519,7.335554,-3.665282,2.849385,-9.395572,-7.638022,-0.4051763,5.892234,6.167432,-5.665163,5.339283,-1.976182,-1.283568,-2.280969,-9.865821,5.451291,-3.900092,-0.4355054,-7.601892
SKP2,-8.942024,-10.31359,-9.48746,-5.431102,-1.608272,-16.29173,-8.954258,-6.097132,-10.68043,-3.645525,-4.396524,-2.670834,-2.227986,-9.670217,3.319765,-5.910251,3.691087,10.54376,-10.23748,-5.572741,-1.271351,-7.136893,-8.791431,-3.22801,625.7556,515.4218,559.2071,438.0036,519.5313,601.8066
RBL2,1868.86,2019.421,2283.585,1846.584,1768.117,1785.102,1768.117,1589.979,1809.918,1773.819,1927.818,1622.672,1307.085,1384.378,1303.39,1436.411,1265.864,1361.255,1115.736,804.1243,904.4537,1182.672,1218.677,1261.04,8292.026,8402.046,8647.979,8879.385,8686.876,8647.979
ABL1,7.153181,11.68337,10.11697,8.37565,7.136389,3.38474,-12.55871,-13.0338,-10.17179,-6.687752,-9.552328,-14.11933,2.63229,-6.630447,-0.2470459,-3.569966,-8.573729,-15.02867,-0.2905568,4.065455,-3.480968,34.48033,35.28312,26.76365,-3.400124,-2.998269,-6.450214,-9.296184,-7.983035,-11.00357
ABL1,-6.079311,22.13084,-6.215555,2.157069,12.6007,23.01225,18.47285,15.31319,11.00528,-3.273505,-5.834617,5.828681,-7.327344,7.397697,21.78559,3.603843,2.896983,15.52006,46.08623,8.268969,16.70209,20.87614,-4.476852,12.30704,37.76322,8.541873,907.4777,18.15518,346.0591,255.1141
ABL1,2.280172,-0.1878229,-5.693145,5.755007,0.04527719,-7.862644,-3.756204,-10.64255,-1.173999,-8.027332,-1.99044,0.6587235,0.2710849,-9.092778,-9.837502,-5.250017,4.833768,-10.86252,0.08804885,15.57196,-3.837599,34.65499,-7.292366,-4.129629,6.290676,28.41736,-8.654675,59.46651,2.699759,26.83529
HDAC1,1683.582,2038.529,1932.832,2195.856,2015.152,2659.628,3011.504,2675.558,2978.787,2988.464,3063.751,3520.296,2666.144,2931.972,2604.832,2693.823,2519.642,2593.593,3753.209,3761.196,4129.346,2902.469,2476.98,3039.823,33.92594,6.20895,31.58839,46.07405,3.340033,73.19709
HDAC2,-4.429579,-5.932542,-11.10704,-9.223575,-6.077316,-4.946454,-6.415786,-2.489725,-9.155055,-13.75449,-5.947053,-13.15442,1.264648,-6.29102,-10.06007,-3.427619,-3.122409,-5.586932,-7.807574,-4.519946,-9.658626,-11.9468,-3.023157,-4.19903,-13.78489,-15.04109,-9.213304,-1.10367,-8.940577,3.975234
HDAC2,5.461388,17.95974,4.683145,17.76035,27.74892,16.47435,106.0652,102.9889,88.61768,52.5129,80.6449,72.07436,1.101002,30.72957,8.653882,25.75666,32.62323,8.517138,22.4673,15.24957,10.64818,18.08748,17.22407,28.01727,47.98956,-4.358217,5.302569,10.80034,6.133681,53.01964
CD6,15.30041,24.16926,6.778018,19.8512,20.01555,9.868247,4.936632,-6.010384,33.90353,23.14223,14.17296,-1.343922,18.68999,11.40024,32.93906,13.32341,2.61972,31.08996,8.717984,1.062825,9.747618,15.62981,2.383542,37.45554,1535.218,1485.407,1109.485,1361.255,1294.514,1261.04
CDC45,-5.702011,6.400289,-7.084835,-10.09033,-0.07545696,11.4896,22.65532,-4.366136,-10.908,4.23143,1.251163,-4.837409,-12.01801,-8.14119,-3.13096,-1.851045,1.945039,10.34919,-8.908649,-10.36121,0.2381262,-8.250916,-1.453432,-8.090087,3.275006,1.208054,-2.920387,-6.298541,-1.740862,13.42015
CDK7,-3.64869,18.5829,23.95389,5.283476,-2.298099,-0.9240587,-2.621794,1.322094,-0.5467392,11.89805,-9.345391,-4.944617,-7.515693,-9.565919,-10.62086,-16.90364,-5.156116,8.672135,-7.347978,-4.203053,1.818389,-3.583154,7.824567,-14.80245,40.77352,-1.070822,3.443255,-1.588712,5.399853,-6.679286
MCM2,-5.620635,-1.305131,-2.617758,-0.3180659,-1.27069,-12.50769,-3.50593,-10.99265,2.529142,13.59605,-0.3728904,2.79473,-7.981201,-3.108146,5.189171,2.991357,8.151343,4.886965,24.66215,11.72492,3.358858,-3.544853,1.253405,-0.1029284,0.9819056,4.669692,-6.628438,5.603489,21.55311,-11.03324
MCM3,0.7438548,-11.47651,-1.272004,4.80039,-3.573643,-5.016253,-3.007497,-2.87111,-10.44846,-0.6282885,5.439168,-2.352489,0.9698939,14.34363,-8.047851,5.626986,5.465137,-5.930761,4.915264,14.21325,2.209837,-0.06913855,-6.520504,-1.407924,197.9692,3.53393,-0.4594795,-7.880158,9.313874,12.7097
MCM3,26.92629,28.07319,15.31494,14.86593,15.43916,13.34881,0.4769715,11.76899,7.561788,4.338521,6.589994,6.569943,82.36755,126.9152,115.6804,97.49383,132.1602,123.0933,29.50542,68.90643,79.58443,62.98262,48.98007,56.44765,-2.545479,1.342739,4.638537,-2.208628,-11.38855,-5.808779
MCM4,7.806992,-9.58896,4.38314,6.493216,0.1110583,-3.491616,0.4467184,-0.978112,-0.7486818,1.970053,2.007392,8.46324,2.959561,-1.438596,-12.62394,-6.495894,-1.325624,1.612284,-1.649243,-2.122554,0.4679551,-5.232898,-4.509743,-0.3504811,4.593508,-5.444554,15.09594,65.73651,1.282361,8.758617
MCM4,2.005954,22.43691,1.845924,5.855857,-2.277404,28.61503,-2.455011,5.873553,9.975439,-6.647584,10.13647,1.132975,23.27007,4.110566,-4.868321,-8.251701,6.332319,18.24509,9.183802,-7.853899,3.82552,21.88421,11.6373,-7.447422,33.11882,159.6173,4.460965,8.309459,1120.005,22.05569
MCM5,14.95865,2.831122,3.299244,-9.259598,16.93255,12.17142,8.732881,5.333142,6.315626,-0.9320188,12.949,8.533017,2.727462,-4.578767,-2.965719,-1.481308,15.52425,-3.115456,13.7917,10.59996,38.62722,14.75356,12.63814,6.555735,963.8318,16.82891,48.04302,204.8877,22.60508,39.39697
MCM6,46.99494,25.56332,32.34073,79.76716,72.92809,44.57129,28.57261,55.61101,54.71826,19.23481,40.96899,42.29988,60.30974,80.5781,76.01395,30.46562,32.12838,39.09494,23.4665,55.58376,35.26504,40.1974,37.14719,51.49054,783.1469,829.3563,1493.869,100.2344,17.87305,48.90596
MCM7,-1.313204,-8.298455,-3.770639,-2.169372,-10.76983,-7.496773,-3.546594,2.882304,4.635352,-5.866117,-2.486257,9.075896,-1.658066,-1.809736,4.75498,-10.0145,4.337321,-10.4257,-9.346188,-5.228647,-11.17831,2.503726,-7.684005,3.058914,-2.606214,174.3653,182.0232,123.1542,5.129769,22.36997
MCM7,-0.1652158,-7.282101,-4.844408,-1.616308,3.002639,-2.147181,-3.474874,8.429586,-3.961506,-10.04969,5.702321,-9.201765,-0.09471533,-0.1215973,-7.083914,1.423552,-5.647175,-9.812181,-4.106395,-17.32996,-10.3707,-1.091708,5.860061,-3.477618,4.493124,50.70059,-6.777169,-13.57812,14.08116,5.122526
MCM7,-8.497863,-15.91188,-17.9488,-11.67312,-12.33828,-15.22018,-14.86808,-1.310395,-9.58896,-15.05971,-5.957583,-9.514107,-8.305242,0.3512927,-4.633275,-6.195226,-3.385953,-6.990683,-5.947053,-7.161011,-1.732516,-9.684687,4.343298,-15.83579,-9.458568,-12.10026,-14.05602,-5.754926,2.129457,-1.008948
CDC7,3.640198,1.189127,3.017276,-1.889395,3.392948,-2.392753,10.80476,-8.206367,1.901657,2.004603,5.172735,-2.546765,1.650283,5.437914,17.9399,11.33185,2.993475,8.161774,4.431173,4.373207,5.323395,-1.377279,5.63611,7.026649,2.782959,8.520215,24.34239,171.9755,12.27708,6.458683
DBF4,21.95962,20.00724,11.7482,18.54308,26.92257,8.222391,-6.75447,10.06437,9.943302,34.56253,10.1326,20.70387,-3.795727,3.812201,9.10684,15.84945,2.815236,-4.266778,21.63785,38.2636,34.69526,27.2614,27.86141,37.05026,4.521167,38.58966,252.1534,-3.096798,10.24505,-5.723883
E2F1,-10.78689,-3.723788,-8.595702,-17.40344,-9.071811,-6.911193,-9.43098,-5.845572,-11.70865,-11.41729,-15.14493,-9.446666,-8.188861,-9.221537,-7.548399,-13.24261,-4.73423,-6.884352,-9.675331,-12.11195,-11.38995,-11.85835,-13.51816,-12.39426,-1.394081,-2.844013,-9.446666,-7.402069,-8.085768,-0.2395286
E2F2,-3.200184,1.195703,-9.583788,-8.25952,-3.068018,-5.893667,-7.051203,-3.176708,-3.188186,0.3671247,1.04093,-12.51175,-7.968489,-2.418256,-6.872973,-6.060526,-6.780596,-10.44204,11.34978,2.091678,-8.460341,-11.05376,-6.727492,-5.937794,-14.56917,-13.33375,-10.04296,-11.09075,-7.721147,-8.423772
E2F3,6.956467,4.67634,2.101455,40.96899,-2.499672,4.188181,9.509277,3.811561,14.82239,21.42122,7.5529,6.568863,7.535387,22.00598,18.08748,2.052086,15.24031,4.898596,18.89023,22.76854,19.20037,-2.659237,2.750627,21.14616,5.898872,128.209,354.6772,394.3647,16.15305,10.03882
E2F4,1.763235,-4.206924,-3.151231,-12.07614,2.569247,-5.955637,-1.9134,-0.5345848,3.597896,-9.834013,-14.5745,-9.117731,-13.84264,-3.115456,-11.94212,2.076406,-0.3963539,-7.699404,1369.039,1337.716,1500.135,609.2734,519.0768,463.1647,1.95863,-4.630845,-4.573483,-4.095134,-2.691828,-4.014503
E2F5,141.3769,122.3387,126.6937,142.2332,106.166,162.5239,104.1246,96.6549,112.4138,91.31504,97.71379,95.46379,318.1695,269.1456,318.6626,217.4563,210.8132,230.5267,122.4166,153.8567,131.5036,162.884,165.6632,155.2656,18.32768,-2.621794,-2.873065,-4.083435,4.066225,-3.301665
TFDP1,-1.438596,-6.723624,-20.20612,6.244887,-11.59932,-13.81929,-11.7952,-4.622227,-5.576775,-4.480544,1.947184,2.5469,-11.60655,-11.37956,-10.12336,13.63084,-9.223575,-9.124239,-8.6637,-4.886854,2.438087,-5.592233,-8.410508,-4.862745,-5.843773,-1.994275,-8.226923,9.873635,-4.271598,2.006566
TFDP1,-1.320487,13.3573,6.356215,-8.809702,-4.068186,12.35152,-3.2169,-0.09755067,-3.362384,0.3085465,10.9529,-2.353623,4.217467,-2.460299,-3.022519,-6.932556,-5.573829,-7.520786,-1.834813,8.110333,-6.584849,-3.372063,-4.529562,-4.186899,47.63558,275.9416,46.08623,4.529267,-13.48697,-0.2198916
TFDP2,-10.29191,-2.807522,4.630798,-5.725442,1.139688,8.526459,17.02011,13.63456,40.57064,14.51846,29.6714,19.09368,16.53499,15.29064,14.66873,12.41378,24.92574,64.55037,4.202411,19.78103,8.434555,4.264038,21.27601,28.02399,2.130875,-3.169611,102.0423,-4.699354,169.3692,-1.293699
TFDP2,-7.654896,-12.99698,1.041585,-6.828362,-7.110199,1.01032,12.80519,-8.885833,-5.596567,-7.206151,-1.507702,-6.539209,7.829789,7.044425,12.11925,26.99115,9.641232,8.064506,-14.59239,5.378062,-3.400124,4.839447,1.929891,8.584289,4.811468,7.681898,8.727576,568.9462,-3.048941,76.92863
EP300,433.6377,295.1988,333.7792,364.0085,412.044,295.3719,735.6563,685.8749,616.656,989.6443,536.71,649.4545,823.8068,601.8066,656.3822,576.803,656.3822,738.0618,1443.003,1228.098,1238.538,529.5754,783.4747,695.4973,5087.458,5042.804,5425.694,5253.913,5163.395,5644.518
PRKDC,15.36484,2.173605,22.13475,6.957624,10.00727,6.489711,5.457184,15.51418,2.5469,9.555087,-0.07726589,1.320056,13.98221,18.64101,23.48041,5.934319,17.86468,2.896025,21.47942,22.99418,17.83017,14.62493,8.534208,17.74096,367.8312,2.805264,7.92452,135.2731,22.75727,3.612618
PRKDC,2231.141,2169.322,2240.37,2483.867,2535.324,2256.628,2774.893,3899.885,2555.197,3480.27,2680.453,2366.219,1025.76,1062.735,1307.085,1472.824,1598.814,1743.481,2650.002,2574.826,2165.656,1956.848,2450.013,1506.323,217.0857,137.9401,1206.489,177.1474,330.9367,-1.63041
PRKDC,10.38644,-9.864835,-16.52502,-2.467789,1.677448,-14.27056,-2.446603,-9.373682,1.084897,-9.051569,-0.3819895,-5.58134,-10.78945,-16.25871,-9.17719,-6.390122,-5.281105,-8.662766,-5.816528,-5.136462,-2.950613,-12.59616,2.250339,-12.56665,6.109163,7.025676,-4.367032,-8.66942,-7.372053,91.57142
PRKDC,-1.42624,-2.168041,1.404916,5.900838,-2.860554,-6.303353,-6.792205,-9.798738,11.03524,4.401997,-5.336532,-3.108867,-2.314669,2.306431,-10.19152,-9.741845,-0.4421709,5.27178,-3.142338,16.91505,5.73982,-2.946285,-3.910757,2.305116,-2.73663,0.5760961,-0.6776084,-5.606415,5.662599,11.0301
ATM,171.1356,174.4902,169.1818,285.8042,230.0498,215.8907,452.8611,695.4973,408.5386,915.3489,454.4313,630.1418,134.8378,98.29774,131.9538,86.02167,119.3118,170.0003,549.3669,415.1086,423.2933,207.5818,368.887,304.8102,47.2995,13.44772,26.36854,565.1765,-4.092002,4.910931
ATM,7.735439,13.63615,-1.561788,-8.167198,4.701258,-3.166755,-2.923042,21.58039,6.704061,10.12988,2.840451,13.64719,7.823197,27.47244,23.78717,0.5523067,-6.354197,-0.210568,198.8726,166.0009,157.2152,85.44435,86.13963,149.4195,17.41934,13.99071,67.97313,-1.035286,44.2287,24.72189
ATM,-2.496759,-8.002781,-0.6744186,9.647193,0.2927641,-3.214808,6.211133,3.115373,12.75863,7.328156,11.19424,3.47018,-3.935493,4.706779,-2.113083,8.991353,3.962931,10.12454,10.54721,2.744449,13.37743,4.935915,0.5221764,6.821854,-11.2497,-12.90417,-14.56917,-15.23941,-4.148089,-3.305305
ATM,0.9889204,3.494467,1.678316,0.9181216,0.1458873,6.24946,6.157863,-3.334229,11.80668,7.001976,3.882434,6.13457,4.721937,11.30871,-1.388279,24.92073,-8.31524,10.98311,8.119494,7.92924,15.29435,-1.518293,-10.90073,-2.09691,12.81675,0.5746298,341.2514,41.34013,5.498947,16.95796
ATR,7.046735,9.936597,1.629364,5.775109,6.103856,-15.02367,-4.077518,7.617182,1.009679,6.25023,12.23667,6.282996,10.02073,5.185197,13.55288,7.742407,3.308035,20.77996,11.0964,-1.214606,5.934319,-1.014498,10.44552,8.291454,41.0944,10.62835,7.568067,559.8123,15.78807,619.9324
ATR,0.9181216,8.137571,19.47796,23.34414,4.369491,6.804167,4.474121,13.99939,7.080389,16.98446,-0.009290529,5.405763,23.92784,8.364819,1.850307,9.669332,4.484566,13.10049,8.634898,10.76735,-0.3996729,6.670731,4.954406,4.935915,-0.8819593,-9.91015,-5.043027,-0.5805493,4.992854,-6.469684
ATR,12.77437,0.1512579,32.15044,14.97027,11.25417,14.17692,14.16765,17.26356,17.08247,58.30079,28.61503,13.78131,7.581628,17.52992,9.226518,9.568874,16.73468,14.76166,5.785318,11.41446,13.48614,11.12934,6.960429,10.75765,627.0241,131.992,392.4237,1181.249,13.27423,2.100716
ATR,-1.412194,-2.649359,-4.035649,-8.698523,-1.782172,-5.307467,-10.40038,-4.224515,-0.7626093,-4.370753,-6.41378,-6.40191,-9.796339,-6.709772,-2.67849,-6.850494,-2.569245,-11.78731,-2.425173,-5.406223,-6.440219,-6.167597,-12.36424,-7.008306,-6.888168,-1.569351,-3.619663,-4.646616,-2.266568,4.096834
MDM2,1276.425,1359.359,1378.109,1123.621,1179.099,1008.312,1125.221,1080.565,1133.102,1211.507,1200.507,1188.136,131.3263,125.4501,100.9698,315.9104,351.4351,271.0168,848.6887,709.0894,719.9753,700.5562,709.874,662.1948,-4.455478,19.513,-8.657861,-8.606326,-5.860792,-5.281105
MDM2,80.36774,66.74269,99.51414,76.25456,88.58823,78.09038,146.8515,141.4657,168.8859,107.1187,90.7154,89.74466,159.8844,130.9291,126.1311,99.31263,101.3886,108.4866,106.1361,121.3964,110.4327,143.6124,102.2119,93.61863,336.3454,1330.204,514.392,-4.076424,90.60367,4.361761
MDM2,18.75115,9.002971,24.8005,2.115638,11.19969,16.25914,30.60477,11.35977,4.941536,11.89353,11.03966,-1.710944,9.019765,17.47772,-5.700719,12.45111,10.92157,-0.8986183,13.32627,11.16035,1.400064,4.093019,5.866657,-1.818722,3.652318,1.269246,0.4467184,23.49892,6.487469,84.8196
MDM2,8402.046,8220.456,9116.298,7641.331,8402.046,8496.726,8897.251,12327.65,7956.99,12604.68,9482.064,6753.643,4549.326,4203.583,7012.324,6145.619,7990.916,7693.253,9460.072,9893.894,7859.489,7352.238,11578.43,8335.234,2546.491,2747.947,2793.604,2036.249,2978.787,2581.926
RB1,-10.52131,-7.47439,-10.34815,-6.195909,-9.997526,1.537534,-5.858675,-8.086639,0.184121,-7.730979,-13.93815,6.540282,-9.141615,8.321305,-12.61415,-8.444501,-1.996591,-8.226923,-2.85148,-7.616905,-7.755752,-3.793736,-10.07889,-17.38571,-1.213899,3.465607,-3.396223,20.12214,6.858201,8.935555
TP53,2.990558,6.489711,1.547148,15.69719,-2.927247,1.897742,2.335817,-8.446754,-7.352962,-13.38516,-0.0806068,-1.268541,-4.101864,15.31017,4.290148,6.891283,-8.84532,5.915854,2.216777,10.95581,2.170446,13.35411,8.817339,-3.079908,-6.47173,7.443323,23.78034,119.2614,25.15288,-0.4623715
GADD45A,5.055204,0.6892197,9.189903,9.42819,2.827242,-4.681604,-6.352297,-0.1715939,-0.4452524,10.63101,-5.974072,-7.567355,4.170862,15.47795,-6.30593,-0.7885035,5.774076,20.11548,-0.7439216,12.30554,7.064467,1.813999,-3.433382,3.933304,87.81239,-2.425173,94.86721,0.3922966,-3.561813,23.67443
GADD45A,20.46435,25.27216,17.22407,26.67324,36.70097,29.12841,18.09759,23.19887,15.19437,28.46168,8.431062,15.32373,3.192322,16.85286,19.80125,13.17848,16.43201,15.72508,15.3807,17.92366,17.09229,26.98064,8.261606,16.79821,219.0151,208.6673,1087.624,257.1497,175.4676,37.23069
GADD45G,2172.649,1817.499,2440.89,2618.862,2319.617,2037.564,2721.165,2375.03,1951.859,2863.986,1866.639,1966.935,2411.967,1531.16,2026.347,2337.306,2042.545,2277.422,4505.891,3756.692,4223.428,2372.863,2270.173,2503.934,69.64372,-2.999517,-2.683813,-3.421394,1.95248,-6.05691
SFN,19.98614,11.10473,14.6559,26.90318,18.97298,6.665724,121.854,81.22261,104.4152,200.0857,108.46,136.0061,5.140626,8.785227,-1.809736,11.96612,6.347351,-2.114259,14.64303,-0.9194536,10.22947,-3.537494,-0.3665191,6.620354,111.8563,4.640699,17.45026,69.50626,-0.3612497,326.8632
CHEK1,146.4931,180.0996,166.5163,187.804,198.0202,187.804,191.5713,184.8994,175.5462,196.0044,163.2608,189.5657,160.5585,154.7798,178.4205,149.9038,134.077,113.3124,100.0844,116.6891,104.4449,156.4521,159.6173,167.232,-2.234222,-11.86418,6.019166,-13.03944,-9.176009,-2.626634
CHEK2,10.80476,2.353903,4.618495,11.96005,12.66238,2.353903,11.30704,39.64259,7.857599,3.952811,4.109062,2.813293,6.236945,7.852404,7.188011,3.611579,2.589026,8.285921,6.233175,7.090985,8.429586,7.953416,4.896844,10.70501,192.7282,194.1494,131.1801,764.0924,356.8205,98.26534
CHEK2,64.20499,37.36623,65.38019,46.65661,53.38611,17.19722,28.98778,24.0214,48.84665,19.63397,28.58215,5.907312,23.97387,10.86348,54.31317,17.52322,14.89246,20.08256,18.18227,-7.760478,23.71092,5.813182,14.65218,24.4643,20.27963,101.2822,210.93,1396.395,7.690794,570.642
CHEK2,20.57801,11.47969,39.20028,21.58986,15.92268,12.51741,49.47381,83.65036,62.95113,73.01607,38.20167,34.94086,22.5249,24.05194,12.3437,8.062538,15.55171,16.40605,28.99369,22.01108,24.82726,26.7062,27.58821,23.16207,9.454808,7.679341,150.0187,4.77877,1.59286,14.89666
PCNA,-4.813715,-1.277423,8.652045,17.08536,6.016849,8.615157,-0.7020492,6.710324,10.52899,7.998886,-0.2534963,7.816088,-0.666453,-5.576775,0.1184388,0.4373741,1.985627,-4.882385,-1.753941,-1.673165,-1.724518,0.5294271,-6.736878,4.256418,35.29171,10.76735,27.10609,27.04553,31.46303,4.919673
PCNA,340.5211,280.7201,305.1653,433.9265,449.7567,345.8466,222.7268,154.4091,204.8877,188.6363,206.2172,193.0659,564.3563,626.8006,668.7262,723.8983,620.3929,484.8806,808.5647,850.1953,766.5549,616.8835,555.4446,554.7073,-2.652692,-11.28045,-7.045829,-11.79077,-8.413311,-8.727753
PCNA,12.37069,24.29987,-2.871796,12.14612,25.05937,1.412335,15.33902,0.08488036,9.702824,10.54827,32.19037,-4.007589,4.794931,9.172168,6.261578,4.093019,-1.392851,-3.44428,4.495246,0.3477466,2.261394,4.558568,-5.479645,-7.841892,338.5099,1179.913,70.87476,51.55921,8.562401,25.29326
CDC25A,46.82085,34.79778,40.88897,9.57783,11.07942,12.87354,73.96731,73.45223,81.2924,177.2975,200.7762,246.3093,5.402527,-3.996543,3.709565,-11.40115,-3.819214,-12.1169,30.26992,22.30811,18.91398,20.99501,26.52618,25.70078,757.6987,827.8398,330.9367,355.0919,310.5969,661.3627
CDC25A,331.9176,331.9176,346.2681,340.5211,391.3294,420.0431,912.9868,1043.821,893.8251,1126.563,998.577,1054.275,569.942,682.758,560.556,631.9074,729.1216,774.4492,310.5969,320.9583,341.7758,438.5676,373.7552,379.5736,-8.504243,-2.983806,-9.35239,-9.635621,-11.46434,-14.13303
CCNA2,1165.8,1273.767,1162.21,1163.219,1286.791,1293.33,585.688,510.2147,551.255,457.6411,646.0439,759.1324,571.6193,601.2921,614.1725,718.1838,638.739,672.7487,650.2807,609.9621,724.5142,730.2238,597.6779,707.9628,215.4406,31.78129,52.03065,18.01284,8.527626,-5.493587
WEE1,1744.751,1941.597,1695.097,1560.91,1585.48,1570.354,1526.257,1470.373,1601.261,1285.637,1118.783,1222.364,758.728,651.3976,698.8649,726.342,692.9021,704.1183,873.7303,754.152,842.8236,536.71,625.5515,523.8483,-7.542624,5.492764,-15.93798,-0.02286475,-0.1264493,25.72952
PKMYT1,5.650983,-1.384816,-0.7690714,-0.6430689,2.159895,-2.443665,-5.284885,-1.013831,-1.777129,-8.130953,-7.477017,-0.3692024,2.175851,2.799442,-4.721705,-3.333509,-1.138293,-7.893275,6.56071,-5.257447,-0.07609961,8.551167,3.312559,-7.47523,-8.26699,9.994705,-1.615547,7.013342,618.0256,9.001968
PKMYT1,389.341,407.2292,396.0128,389.6091,484.3391,344.8474,303.9228,349.3217,233.7944,574.8253,222.3103,260.8238,242.7447,123.4215,211.3241,177.7642,205.6936,216.7137,450.8501,401.4221,263.9537,119.7723,299.048,147.1591,4.85554,8.208126,108.0857,7.471917,130.2579,58.48789
CCNB1,-0.9554107,1.046175,5.010835,12.15803,-5.586932,3.661774,-9.005088,-2.113815,5.636922,-12.52088,-7.078344,0.8057033,14.63925,17.51475,11.6697,4.811468,9.780388,21.9037,-6.017095,-5.671182,3.290551,10.38517,6.190302,8.262724,18.87061,-1.143687,-1.71793,321.7431,19.00747,35.29857
CCNB2,85.388,92.19477,111.9964,39.64259,51.4615,38.34832,38.39505,34.71863,35.41611,23.39675,23.73048,31.79254,34.20358,30.87825,26.94643,53.96176,41.54456,32.95369,31.61614,30.41387,31.36459,21.78922,17.15871,23.4167,3.337131,42.36493,17.35084,6.639792,9.098186,162.129
CCNB3,28.00481,38.74633,53.6539,54.66652,51.78487,60.06824,48.80671,46.01246,26.00298,54.25814,42.09344,36.40186,28.41113,11.31275,28.86723,16.29176,21.37987,11.10966,10.23528,13.15956,18.12,7.89198,12.32357,2.511794,-2.933591,172.9279,0.1539337,11.00063,3.865245,-0.812735
CCNB3,-5.010993,-12.02822,-3.650175,-10.89909,-0.4152224,-0.4749036,-2.13194,-7.894076,4.511303,-2.490208,-9.891396,0.2847097,-2.923042,-2.370473,-9.008159,-0.3022552,1.730345,-2.739544,6.311753,-4.443251,-2.056572,11.90436,-11.54971,-6.572004,-4.837409,1.6755,-0.4629641,-3.002157,8.942778,7.590997
CCNB3,3958.972,3548.081,3399.245,4116.129,4058.207,4279.655,2424.681,2459.309,2306.688,2241.932,2432.542,2652.412,2782.604,2632.454,3019.07,5130.364,4417.262,4124.635,2062.958,2184.603,2176.519,2726.469,2863.986,2733.45,45.20943,48.7706,9.481129,13.05564,115.7507,2.570164
PLK1,22.8547,2.959561,14.01449,18.21074,16.24111,13.12791,12.04244,19.99852,6.641282,8.061273,5.497122,-7.994743,23.75275,19.81155,3.582209,1.656244,11.56161,9.910095,2.487673,5.326428,7.619644,8.952641,3.790157,6.298777,45.50992,21.51275,-0.3411615,891.7288,283.6335,376.5692
CDC25B,-2.53529,-0.1066828,-1.718516,27.08742,-2.433294,0.6059057,-5.542857,8.908467,4.822681,-5.487353,2.171639,1.164291,328.9201,284.1192,327.0542,405.9919,297.2497,297.846,9.448219,-9.807752,-6.671554,11.54158,4.783362,-10.44204,-12.86699,-2.655591,-8.799686,6.959328,11.62139,131.5361
CDC25B,-2.991045,-2.247529,3.509331,12.91847,6.396666,-4.759068,4.464497,1.851844,1.372103,-12.99094,5.433967,-5.176455,6.290676,0.4658923,-9.626796,-9.111023,-0.1311142,9.265902,0.5284612,-0.1134651,2.877583,-2.247529,-9.232717,-2.652065,28.64598,-0.3827918,-10.90423,26.2212,21.00915,24.63465
CDC25C,-5.768156,-6.162627,-3.743347,3.078771,-6.364731,-5.251731,-0.3734873,5.12885,-0.3518292,-3.383885,4.553228,10.70957,-6.40957,-2.333259,3.671224,-2.179204,-5.573285,-5.619211,-3.917984,-7.290001,-2.753237,-0.6441935,-1.203505,9.313874,2.637755,6.0459,1.064901,5.810499,1.406893,-1.569351
CDC25C,-10.8179,-14.60294,-8.736859,-9.191797,-5.0564,-5.118466,-6.158467,-3.964515,-11.55562,-6.461356,-4.34887,-7.147485,2.317935,-7.94173,-17.7304,-7.18882,-12.69398,-1.414836,-0.4421709,-13.32519,-11.66145,-7.450635,-13.43813,-15.17678,-7.823431,-12.40973,-8.11839,-5.341865,-7.091424,-7.248572
CDC25C,45.65739,29.39168,26.4784,14.66582,5.503326,26.75921,-10.00164,-0.1978691,-5.711093,-10.64013,1.834986,-13.55143,2.876751,-5.600891,-8.393636,-13.94455,0.7878426,1.579577,9.331615,0.9047491,-13.97222,-8.141978,-10.3363,-5.630974,3.952811,1.973135,1.133731,-2.841933,4.284185,-5.899836
YWHAB,-5.381252,-1.107324,-0.4650945,-3.499792,-4.817511,-0.001250419,-7.747295,-2.834621,-0.8339891,-12.21225,-4.68912,-4.430325,-15.10995,0.9561,-5.046954,0.5051784,-5.808779,-6.583674,-5.452589,-7.992516,-3.476766,-3.518488,1.21513,-2.005352,-9.173819,-0.7386734,-1.676683,-5.941789,-6.753672,-10.98299
YWHAB,-2.224798,11.00215,-7.808482,11.63103,3.693281,-3.324277,-7.250186,1.46878,6.643401,-1.814172,-2.487787,-1.895558,-5.973377,-2.915666,-0.6959314,-8.480384,-4.329505,-4.337352,-6.592676,-4.640943,0.9686092,-2.352489,-4.213728,3.121797,-7.036782,19.64359,12.6007,158.0822,49.02671,-2.14568
YWHAH,1.883843,-2.028842,-4.137306,-10.812,1.21083,-0.7594253,14.21984,6.851762,2.969754,-1.664416,0.4136951,6.245876,-6.853698,9.830407,-7.254735,2.340538,-3.005213,4.83012,5.473136,-5.578916,-1.055432,-0.6851903,-6.227445,-8.325555,4.874754,842.8236,13.41449,19.05604,4.88436,-2.790178
YWHAG,-9.593167,-13.85398,-5.266398,-6.291689,-12.62132,-12.55134,3.89605,-8.750677,-11.21378,-6.020028,1.198914,-13.71095,-7.954897,-13.47338,-0.3092437,-9.441163,-4.616527,-9.125284,-10.68332,-5.796241,-6.125687,-11.36133,-5.681932,3.429088,-7.678902,-3.869979,-11.87823,-16.09149,-18.78895,-10.02608
YWHAG,5.561372,30.47774,38.29983,18.12837,21.3426,6.746224,22.63683,22.44922,10.00415,25.22679,33.88165,50.2547,56.04036,30.98458,30.98458,36.70097,20.60113,45.61933,31.19201,12.02463,26.00298,20.66295,12.562,17.77837,2381.456,2581.926,2347.376,2108.766,1542.125,2103.92
YWHAE,-1.897145,6.614259,-4.431559,-13.60993,-0.6900246,-2.306747,-2.619581,-5.835247,-0.2357577,1.749891,-0.6776084,-1.655288,0.01055709,-1.545388,-5.542857,-5.018801,-16.7163,-9.079532,-1.202854,-5.792867,-6.092298,9.77022,-8.210088,3.437762,-5.421609,2.815929,1.896117,-1.118579,-3.015693,-11.35512
YWHAE,356.2483,257.1497,368.887,964.7963,1049.431,658.3062,11.00687,-6.615184,8.726213,4.298115,4.31147,24.99468,12.74424,6.311753,9.581502,31.81329,27.92562,24.40613,154.1556,152.765,133.0929,49.69337,45.68271,42.76477,-4.495206,10.48071,-4.435542,3.646277,1.156549,-8.394601
YWHAE,9.724977,3.051446,7.677164,14.43886,4.035983,7.791149,1651.434,1670.737,1744.751,800.73,673.5131,669.7632,-5.992752,0.5593974,4.470855,0.9973392,-2.501651,-4.442534,1.832378,3.702659,1.572454,-1.039573,3.719107,6.143958,7.229095,46.23343,61.97691,10.61045,49.13678,54.46512
YWHAQ,36.31405,43.9646,49.44183,29.20869,47.39105,22.12519,19.6743,29.32706,13.68447,24.04315,37.79137,19.87227,27.01222,35.11845,32.48209,27.15832,38.79879,19.29663,33.25309,38.29983,45.72241,20.65905,30.73801,14.35808,729.4976,616.656,14.24178,1212.769,198.8726,100.1268
YWHAZ,-3.212366,7.127599,-3.297283,2.652336,-13.53929,-6.164423,18.30664,-10.71948,12.84103,6.242048,-12.68913,16.69434,5.371357,-2.620119,-7.750818,7.384352,-0.4386507,-2.974307,14.13894,-2.480934,-5.017392,-6.47173,-8.745438,-7.46815,16.07762,29.60598,3.990086,32.58332,4.6802,4.639738
YWHAZ,41.84931,41.27524,38.27269,49.90012,53.2773,28.36383,35.36002,27.05687,41.56863,59.09401,44.43826,71.60804,70.77309,40.90901,48.28091,58.37583,53.19847,51.44508,55.05143,53.55654,46.31021,38.42838,59.46651,48.69667,-3.114178,-3.821961,14.59435,-1.952057,2.993475,-9.581222
BUB1,-8.363166,-5.47039,-7.644145,-3.51078,-5.895666,14.27717,-1.664416,-7.477846,-2.590414,-4.22381,-2.802767,-4.77078,0.987263,9.972302,-1.718516,3.357788,-8.477081,-5.614709,0.9561,-4.10887,2.449918,-0.2893516,-4.837409,9.105478,0.1103173,-2.560745,-4.745971,4.435087,6.917409,-4.17682
BUB3,231.4434,191.2243,225.8307,158.3004,162.6588,209.9782,166.3726,99.66676,197.3302,185.9061,159.8844,141.6193,195.0532,155.2129,170.4176,222.4496,186.997,175.5462,200.7068,258.7179,255.1141,239.6722,222.8986,280.1225,192.4834,123.7059,31.48195,16.82891,172.9279,39.88123
BUB3,4.028512,2.565646,-2.153171,3.994001,-0.6632051,3.836112,43.09906,48.3615,55.50011,29.76199,32.94761,33.4578,4.456189,-0.2296033,-0.870977,6.438501,-1.785785,12.38494,15.6641,14.73617,19.48232,8.340649,1.024873,13.1752,156.9144,183.0488,3.003433,131.6728,42.43467,63.02613
BUB3,-15.66685,-10.23245,-11.30779,8.01911,-9.753572,-5.713369,0.7590739,-6.904013,-9.281622,-5.058959,-1.567823,-3.179666,-5.167215,3.414654,-10.03098,6.363042,-9.153872,-4.525922,3.465607,3.508714,-0.2331662,-0.986367,9.402792,8.83272,4.183187,-6.497623,-9.708262,-9.562116,-2.770428,-3.416517
BUB3,173.5654,189.1919,241.745,217.4563,249.4059,241.8208,325.9685,307.9998,384.4705,188.0004,322.1901,344.2926,152.4256,126.2682,199.2218,116.7822,153.2395,93.90634,437.0929,586.3343,702.3436,536.8815,397.026,456.6917,-7.639011,-9.099407,-8.731024,-6.867354,-7.784796,0.7957449
BUB1B,-6.464728,5.691781,-6.140648,15.0497,8.249736,14.38134,8.288424,5.916867,-3.368765,-0.9775146,-0.1195943,-1.188483,-9.900764,17.54667,-0.5863268,-0.7740493,-8.797827,-11.50892,-1.597448,8.892045,4.184756,-3.080395,-2.606214,6.645666,55.43733,-2.588413,2.267879,21.20974,2.830317,-0.4091613
MAD2L1,0.9988406,9.328271,13.50525,8.611112,2.841742,-2.80204,-0.9775146,-4.949811,0.2125702,1.568211,15.60134,5.744269,-6.924761,-15.86839,-5.818288,-5.003668,-4.354518,-6.443124,-9.282682,-4.019786,-4.421792,-1.169773,-0.552831,-12.30124,50.68321,69.54285,15.66007,0.2715459,87.40755,95.20452
MAD2L1,-2.296151,12.62555,4.566215,-0.2675743,8.163145,0.8335693,16.02483,8.173415,24.93735,9.035366,6.380058,16.91807,-9.194747,2.263188,4.714287,-3.079908,0.6936961,6.567907,4.575219,10.4049,6.170312,-3.349235,1.697576,2.382586,407.9522,715.2549,443.5384,522.0834,561.6646,-4.081676
MAD2L2,-0.5082407,-12.23722,-3.9276,-7.669806,-7.845786,-2.298099,3.214935,19.33953,-5.918725,-2.980378,11.12934,2.728973,1.269246,-10.2236,-4.806075,-6.391722,4.563782,4.869505,6.486484,10.62835,4.379163,-2.806785,5.299804,1.108152,-8.371886,-4.632318,-4.330415,2.984499,-2.696054,-5.237522
MAD1L1,-2.508708,-1.602463,6.79422,0.8447599,-6.045538,-5.322624,-11.71698,16.54039,5.183729,34.50346,-1.668762,1.30458,46.27914,47.12523,33.17357,49.87683,35.8181,34.2702,47.23929,53.10089,24.3134,117.1262,128.0684,101.7086,-3.757042,19.50717,227.2256,-4.332386,-7.358206,-2.283763
MAD1L1,324.3079,411.5167,327.9703,661.3627,726.1497,679.1702,756.4764,720.5472,713.0568,927.0038,709.6537,831.2387,1299.515,1391.409,1637.712,1586.11,1622.672,1395.506,667.1552,709.6537,684.1522,665.1194,652.7045,659.2512,201.1347,201.5245,46.11729,14.40307,21.754,40.44445
TTK,8.192898,-8.233857,19.25554,1.397218,5.344996,-6.460592,6.591311,3.691808,-1.830692,3.726117,7.409399,11.90291,3.531829,16.98257,5.80761,5.910228,-7.023333,5.48131,0.7494207,6.058024,6.631308,0.4782972,-3.544204,3.923744,121.1308,15.70578,8.308216,79.49155,25.03626,11.16349
SMC1A,-9.086543,-6.184242,-3.316746,3.387654,-4.037876,-0.0960693,0.9756226,5.478049,0.2822886,-0.5823303,-0.2851257,9.581502,-3.368078,-5.078629,0.8427188,14.88476,1.267265,-15.89175,-5.244176,-4.19659,1.049668,11.81556,12.67282,-3.722216,31.35888,24.86687,39.1196,687.3845,13.68673,8.471333
SMC3,116.2913,66.56401,106.8372,97.28595,91.83087,98.49194,61.67775,62.61209,77.39748,79.99992,78.23501,101.0652,81.74957,69.64372,132.9876,76.80431,117.9766,112.6377,157.9655,199.7216,181.1392,116.5317,112.2326,160.1309,64.5833,160.9024,2.671085,-6.279469,-9.697893,2.521656
SMC3,7.208931,-11.6557,-3.319318,5.985808,4.398463,0.7819873,0.5438922,0.7348483,3.962931,-4.422378,-6.137431,-10.14816,4.700481,-0.8009872,6.235744,8.61038,-8.539676,-5.137973,0.3115532,-12.77051,-10.64399,-17.85833,-0.5926836,-1.215012,-3.309068,20.50559,162.3705,6.398618,203.3772,17.01553
STAG1,1773.819,1864.484,1715.478,2186.353,1826.474,2120.301,3043.703,2791.655,3535.897,2466.905,3794.473,3708.113,1694.172,2115.258,2088.744,2349.355,1839.244,1833.335,779.7065,743.8187,843.5254,1044.364,939.3839,1044.767,1.422194,62.1409,0.8767822,-6.572004,9.35381,2.487673
STAG1,4.087893,1.936914,-2.99174,4.590262,-4.157043,7.554145,-0.8663414,10.33394,-1.6391,-2.789526,-0.5309905,11.0822,12.84698,2.821714,24.53887,-7.488722,2.13977,-3.979096,0.3976306,5.087385,-9.332649,-0.6301025,-5.08782,1.753641,3.990086,-5.054981,-4.019786,-4.302815,18.01622,15.58168
STAG2,17.16814,-4.747785,0.1565814,2.422429,1.342739,-6.22139,21.28057,31.66858,8.577197,22.03469,7.938356,25.47955,12.2566,37.42901,22.30448,20.80986,14.31264,29.9885,24.40613,25.72515,22.18824,8.052814,26.2212,25.31964,-6.214297,-13.05928,-15.16357,-4.167046,-12.18156,-7.692913
STAG2,267.9206,236.7907,240.655,190.8423,177.9039,148.3226,125.9418,144.8738,103.2078,133.1761,119.2614,134.7979,460.2154,304.8102,396.0128,639.386,605.9835,439.6535,153.0996,138.6006,156.6307,242.1167,245.3951,279.3531,7.87193,4.845398,7.154354,8.058798,-3.700018,3.1908
STAG2,-11.59286,-12.43406,7.198787,-1.320487,1.684557,-0.3923945,-14.39743,-4.376557,-6.713584,-4.086393,-7.594868,-11.36528,-9.707097,-10.39616,-8.969757,-5.620635,3.659535,-9.541235,-14.90402,-5.824574,-1.523496,-7.227238,-9.657406,-3.250633,-4.73092,4.280362,-3.992111,7.204716,-8.540369,2.630562
RAD21,-7.107738,-5.556818,11.17979,8.760593,-10.55158,-0.6100947,-1.783598,-2.039649,-7.304967,7.18064,-2.816003,2.235969,-1.424971,-5.351001,-7.498492,-3.295518,-3.125429,-1.94796,-6.183481,-6.844951,-2.219945,10.0236,-2.25771,-11.37365,1.473187,2.32778,-7.302536,29.60598,4.658201,4.808977
RAD21,206.171,190.7063,197.0937,343.7376,402.1494,244.6398,229.6695,279.3531,192.4834,288.5118,225.8307,209.0983,214.9675,105.8387,205.1882,177.2975,179.2735,269.584,511.8884,331.2781,380.2275,244.316,466.2535,316.8336,-14.51492,2.653217,-12.36619,-12.70325,-9.288458,-3.248453
ESPL1,-3.796497,-7.700673,-3.879684,-13.10462,-9.809298,-6.018564,-6.105882,-2.906511,-12.56907,-5.723883,-14.27826,-13.88233,-3.679919,-6.98725,1.882249,-6.343171,-15.33476,-7.4374,-11.16607,-8.232345,-8.76276,-7.485373,-10.98299,-2.444242,-1.971492,-9.704505,-8.14119,-6.961546,-7.177157,-5.328475
PTTG1,0.5305779,4.532521,-2.115599,8.812151,2.347974,9.583433,4.86206,10.31222,5.555932,23.6051,4.517869,26.67324,8.323646,9.352406,0.02823389,8.473417,-2.791943,-1.451416,0.9372414,2.255552,1.384788,3.608301,-7.012816,11.3794,32.26053,18.90779,5.939001,33.60728,688.1788,42.81516
ANAPC1,-13.05595,7.371992,-1.608272,-0.7346529,7.10193,1.539648,5.548549,-6.423069,-8.721405,-1.712166,-13.51173,-4.048267,-3.385229,-4.632318,-10.3839,-14.46244,8.634898,8.919412,-19.9896,-1.905151,-4.834077,-8.09469,-10.66345,-10.95982,2.286725,2.267879,0.8016676,17.10371,4.659959,7.495096
ANAPC10,119.4948,137.3632,86.02167,153.8567,144.7688,160.3172,9.734702,-5.356138,-0.9585121,-1.313863,16.94169,27.77935,12.51446,21.9554,12.85507,27.79557,33.147,28.17391,-4.551368,6.454981,-6.560901,6.591311,1.132975,4.391424,-6.469068,-3.994683,9.361287,-0.5146006,-13.93815,-3.300449
ANAPC2,-6.327885,-0.7124786,-2.705255,2.587605,-4.292361,3.593252,-0.456781,7.085708,-1.661021,-3.740402,5.26668,2.677382,-5.245008,-2.551713,4.823859,-5.890707,6.437064,-7.853048,-13.42719,1.202621,-5.560466,-3.89838,-12.38207,-13.51442,13.6771,12.98487,-1.834813,14.4704,361.8805,7.448362
ANAPC2,811.1348,737.2527,859.9894,825.8616,734.9086,640.8198,271.2608,222.0041,310.4922,203.1086,225.4128,227.6356,288.4216,379.7767,322.1901,256.878,219.3103,197.4667,493.0167,558.3063,479.3077,559.2071,520.0494,676.4404,-2.555831,-1.124064,4.8323,54.20374,294.2969,16.55264
ANAPC4,22.11853,3.832081,-3.975932,7.75503,1.357055,16.15076,17.97323,8.424084,-2.151024,6.437774,-2.433294,7.584875,81.90204,81.3634,90.4594,49.61497,59.39629,53.87213,-3.215497,-12.17831,0.01214069,14.98165,9.943302,3.048914,52.47175,-2.296783,14.95279,425.9234,263.4957,68.85262
ANAPC5,45.89407,19.92421,45.27256,18.5829,16.19163,21.69461,10.2673,13.49933,10.76377,9.149473,26.00937,23.87881,43.98831,36.36871,97.49383,29.71486,34.3135,18.55136,20.73943,8.889135,10.48693,37.03953,37.54293,16.74916,19.3458,9.478963,48.56671,7.796161,184.7157,3.154514
ANAPC7,338.8562,267.7627,373.1127,402.0278,388.3588,447.9219,317.9708,332.8581,401.3481,236.9236,411.5167,397.026,376.6632,486.3518,606.5062,487.3144,383.2094,394.0485,202.0905,194.0011,238.4062,403.0524,220.1981,253.6205,329.6035,118.773,478.064,337.9702,39.29305,-0.8948117
CDC16,5.708263,12.02463,13.25272,4.913761,13.42015,7.223709,18.595,24.3492,23.73519,10.86014,35.07677,22.42591,352.0018,350.1405,276.7766,448.6813,361.7622,348.8824,22.40628,7.732264,10.84209,52.08232,46.25406,45.19281,1635.474,18.85318,5.181835,15.53741,26.06737,11.48248
CDC16,1015.114,1077.705,990.1098,1010.974,1088.139,1157.075,517.1231,491.2355,662.1948,530.6093,709.3622,599.0808,447.9219,487.7535,449.7567,329.6035,305.1653,294.5353,545.541,471.9598,548.9543,786.0931,768.5856,740.1627,-12.07933,-8.097415,-8.782883,-2.350139,-2.965719,-11.68824
CDC16,-1.551167,-0.9351709,-1.189875,-3.085035,-6.355568,-5.048576,-1.560357,-4.907071,0.6791837,-5.561446,7.664524,11.33851,-2.402279,3.182852,7.152142,-7.56237,-6.207503,-1.702903,1.311255,-3.586921,0.1593102,-5.741956,10.07938,7.958041,1.96754,-2.113083,5.072439,2.774622,3.855484,13.52607
CDC23,2199.751,2329.111,2097.445,1738.961,1474.113,1892.399,547.5596,551.6157,617.604,555.9534,730.2238,668.1739,1011.439,1402.899,998.0236,1105.538,942.7268,1078.25,4287.401,4353.236,4859.236,3289.523,2819.868,3036.895,47.66317,20.15228,6.154798,183.3818,8.358045,0.6154158
CDC26,135.7987,152.5699,174.3653,248.9633,180.2015,172.5343,112.7173,161.9738,178.6501,152.1754,137.8618,103.2561,354.375,336.3454,365.7675,232.4148,137.4949,169.7249,133.0663,281.1892,136.9768,270.9419,228.6077,240.1482,-7.087467,-7.23971,-9.230328,-5.863983,-7.603657,9.854972
ANAPC13,-3.825397,-4.728081,1.869759,6.718972,-5.625404,8.799927,5.442749,3.25151,0.08050694,-9.983575,4.674608,-8.134871,-9.976139,-8.817636,10.79364,-1.173999,9.292652,13.96456,-5.027856,0.2045957,-5.719875,1.060593,-9.112331,-3.355114,-4.700677,-0.6487994,-4.522312,10.08035,-3.355114,3.748325
CDC27,2.304371,-4.209096,-8.163952,0.1323026,-3.329622,3.08292,-5.845001,-1.299153,1.228628,-3.368765,-9.894622,-1.934255,3.431483,-2.293739,2.440907,4.148777,-7.330278,3.851365,-0.9954612,3.890471,-3.281555,10.37928,-6.637165,-2.416991,8.686322,-1.82874,-1.807386,9.891232,37.78193,11.78166
CDC20,-5.629529,3.395576,4.604643,4.129961,1.647506,9.313874,10.19673,2.828629,2.823024,2.297128,3.668387,4.394197,-5.225882,-4.500076,16.02211,-0.4152224,9.708211,-8.384729,4.124205,0.9736283,-2.967732,0.8374444,0.4299012,4.109062,9.268281,179.8592,14.87712,56.19184,279.5179,4.031033
FZR1,196.5949,181.6475,153.7555,132.9197,118.1628,129.7601,121.7096,101.1444,163.0959,97.49383,124.7615,106.6405,148.9088,122.1296,155.2656,161.113,110.2761,100.1055,249.4756,284.9381,325.3102,231.1438,189.3071,226.4063,1.998074,-9.683352,-9.100649,-1.496454,-9.597925,-14.60778
CDC14A,-6.289275,13.07569,4.797938,-10.18573,-2.20798,-9.074074,-7.515693,-7.845786,7.152142,-8.059858,-4.762869,-0.2135304,-13.82295,5.548549,4.379163,-4.320498,12.30968,-2.359133,-12.17115,14.76614,-9.107663,-10.34345,-7.636803,-1.418725,5.133548,26.89788,185.6509,55.27079,1.445415,-1.71431
CDC14A,12.19183,12.65108,19.10684,48.51114,49.58657,41.03496,43.16126,54.21545,37.81996,28.47412,28.78862,48.05738,38.56003,46.69929,35.43824,52.90091,47.25127,67.25767,166.6584,165.9145,183.1742,146.2182,130.783,178.2256,-9.032729,-5.571466,-15.2533,-6.523588,1.120084,-5.945559
CDC14A,328.4432,398.7492,304.8102,371.1478,371.4132,352.3163,381.8021,302.677,438.3029,269.9091,344.4881,342.4276,612.072,648.4065,605.1222,486.1944,341.3607,362.1021,362.305,329.1183,398.4875,475.9336,374.6879,441.2393,-5.776843,-3.098646,1.345708,-7.601892,8.824723,-11.23545
CDC14A,6.120919,-7.795545,1.674577,1.59661,2.527635,-7.908099,33.09532,21.99178,24.20697,22.1474,31.93625,20.39363,-5.148909,24.6868,18.23662,3.048128,11.0418,8.758617,94.86721,37.70198,42.36493,18.13787,30.07099,28.53329,-14.91037,0.1735494,-11.53942,-1.769227,-3.852166,-14.26333
CDC14A,-7.013737,-9.737638,-8.490719,-6.333766,-4.702086,-2.942383,2.475588,-10.73714,8.952641,0.8098135,4.81536,-6.892179,3.486557,-4.340141,-2.430707,-5.976191,4.445593,0.6123958,0.7668785,7.887404,-5.940545,5.990122,2.565646,10.37928,-10.90955,-7.656006,-0.7064766,-6.721395,-4.581595,-0.2594747
CDC14A,-1.884754,21.754,11.95243,49.11074,18.04764,0.9837792,18.41549,17.2607,0.9047491,18.57977,6.597007,21.05582,10.86348,0.6826826,2.925847,9.354937,-1.984446,-3.17461,0.8064075,14.24178,0.662219,-0.7182182,9.867064,2.573247,1032.684,395.7589,20.26097,15.8548,103.4231,15.27005
MEN1,117.1262,91.94386,105.756,61.66294,23.42082,70.90817,135.5853,153.0222,160.2662,70.0238,81.07372,99.64631,66.82968,105.3348,45.31159,43.30897,60.40192,45.41645,64.99648,85.33282,90.7154,123.0933,70.42464,149.0607,2.659217,22.82878,109.5359,172.3482,657.353,7.879732
MEN1,2.382086,0.91748,0.3213855,-1.363143,3.228997,-6.537661,-6.889781,-0.4250152,4.791562,9.86183,-0.08832978,2.933287,-0.9548128,1.692834,8.638532,0.7408221,4.15236,-1.670263,3.150749,-1.611329,4.922516,4.698885,-2.51431,11.47572,15.74607,14.85872,231.6951,10.1326,467.1405,-1.713832
MEN1,1217.957,1121.983,1230.052,855.5377,1007.983,1046.821,741.1945,1070.884,923.417,666.3583,781.9718,733.2773,739.611,835.7209,822.6957,785.2366,765.7368,573.3304,378.1371,357.0403,391.0692,489.1197,414.7289,375.9018,-4.42745,-7.394585,6.697803,-9.316975,-5.491459,-2.561562
MEN1,0.08050694,-7.628787,-11.70648,-9.277964,-1.3678,-0.7439216,-7.719845,-8.024796,-11.59286,11.56916,-12.81742,-10.95521,-0.7875516,5.329919,-9.138333,-9.779754,6.597987,0.8700829,-0.3686215,-10.08723,-0.4940717,-2.186279,-5.763748,-2.841214,-7.035229,-12.58529,-6.728349,-11.14152,-7.249335,-7.303503
